﻿pos_x,pos_y,rotation,side,designator,mpn,pack,footprint,value,mount_type
60.46,-48.5,0.0,top,D1,,,TO-18-3,S5971,tht
60.414724,-96.095,0.0,top,D2,,,TO-18-3,S5971,tht
99.0,-74.0,0.0,top,IC1,,None,DIL08,OP27,tht
69.275,-50.135,0.0,top,Q1,MMPQ3904,,SOIC127P600X175-16N,MMPQ3904,smt
69.275,-94.0,0.0,top,Q2,MMPQ3904,,SOIC127P600X175-16N,MMPQ3904,smt
63.5,-54.42,-90.0,top,R1,,,R_Axial_DIN0207_L6.3mm_D2.5mm_P10.16mm_Horizontal,20k,tht
63.5,-89.675,90.0,top,R2,,,R_Axial_DIN0207_L6.3mm_D2.5mm_P10.16mm_Horizontal,20k,tht
68.42,-72.0,0.0,top,R3,,,R_Axial_DIN0207_L6.3mm_D2.5mm_P10.16mm_Horizontal,20k,tht
68.42,-85.0,0.0,top,R4,,,R_Axial_DIN0207_L6.3mm_D2.5mm_P10.16mm_Horizontal,20k,tht
68.34,-65.5,0.0,top,R5,,,R_Axial_DIN0207_L6.3mm_D2.5mm_P10.16mm_Horizontal,20k,tht
68.42,-59.0,0.0,top,R6,,,R_Axial_DIN0207_L6.3mm_D2.5mm_P10.16mm_Horizontal,20k,tht
68.42,-78.5,0.0,top,R7,,,R_Axial_DIN0207_L6.3mm_D2.5mm_P10.16mm_Horizontal,20k,tht
81.92,-85.0,0.0,top,R8,,,R_Axial_DIN0207_L6.3mm_D2.5mm_P10.16mm_Horizontal,20k,tht
86.475,-67.75,0.0,top,U1,,,SOIC-8-1EP_3.9x4.9mm_P1.27mm_EP2.29x3mm,ADA4898-1YRDZ,smt
86.5,-77.135,0.0,top,U2,,,SOIC-8-1EP_3.9x4.9mm_P1.27mm_EP2.29x3mm,ADA4898-1YRDZ,smt
