﻿pos_x,pos_y,rotation,side,designator,mpn,pack,footprint,value,mount_type
132.5,-98.54,90.0,top,D1,,,TO-18-3,S5971,tht
132.815276,-67.4147,-90.0,top,D2,,,TO-18-3,S5971,tht
177.23,-71.19,180.0,top,IC1,,None,DIL08,OP27,tht
177.5,-103.3425,0.0,top,J1,73100-0105,,73100-0105,73100-0105,tht
141.3888,-70.3287,0.0,top,Q1,MMPQ3904,,SOIC127P600X175-16N,MMPQ3904,smt
141.275,-95.3287,0.0,top,Q2,MMPQ3904,,SOIC127P600X175-16N,MMPQ3904,smt
147.0488,-79.3287,180.0,top,R1,,,R_Axial_DIN0207_L6.3mm_D2.5mm_P10.16mm_Horizontal,20k,tht
133.0,-87.9087,90.0,top,R2,,,R_Axial_DIN0207_L6.3mm_D2.5mm_P10.16mm_Horizontal,20k,tht
163.5,-79.58,90.0,top,R3,,,R_Axial_DIN0207_L6.3mm_D2.5mm_P10.16mm_Horizontal,20k,tht
160.0,-86.3287,180.0,top,R4,,,R_Axial_DIN0207_L6.3mm_D2.5mm_P10.16mm_Horizontal,20k,tht
149.92,-79.3287,0.0,top,R5,,,R_Axial_DIN0207_L6.3mm_D2.5mm_P10.16mm_Horizontal,20k,tht
136.7288,-86.3287,0.0,top,R6,,,R_Axial_DIN0207_L6.3mm_D2.5mm_P10.16mm_Horizontal,20k,tht
163.5,-85.92,-90.0,top,R7,,,R_Axial_DIN0207_L6.3mm_D2.5mm_P10.16mm_Horizontal,20k,tht
168.5,-79.58,90.0,top,R8,,,R_Axial_DIN0207_L6.3mm_D2.5mm_P10.16mm_Horizontal,20k,tht
152.93,-70.635,0.0,top,U1,,,SOIC-8-1EP_3.9x4.9mm_P1.27mm_EP2.29x3mm,ADA4898-1YRDZ,smt
153.43,-94.75,0.0,top,U2,,,SOIC-8-1EP_3.9x4.9mm_P1.27mm_EP2.29x3mm,ADA4898-1YRDZ,smt
