﻿Designator,Quantity,Value,Footprint,Package,MPN,DNP,Mount_Type,Description,MF,Description_1,Price,SnapEDA_Link,MP,Availability,Check_prices,Mouser Part Number,Mouser Price/Stock,Manufacturer_Name,Height
"D1, D2",2,S5971,TO-18-3,,,,tht,"Si PIN Photodiode, 0.1 GHz, TO-18-3",,,,,,,,,,,
IC1,1,OP27,DIL08,None,,,tht,,"Analog Devices, Inc.","
                        
                            Op Amp Dual High Output Current Amplifier R-R I/O ±6V/12V 8-Pin SOIC N Tube
                        
",None,https://www.snapeda.com/parts/OP27/Analog+Devices/view-part/?ref=snap,OP27,In Stock,https://www.snapeda.com/parts/OP27/Analog+Devices/view-part/?ref=eda,,,,
J1,1,73100-0105,73100-0105,,73100-0105,,tht,"MOLEX - 73100-0105 - RF/COAXIAL, BNC JACK, R/A, 50 OHM, SOLDER",,,,,,,,538-73100-0105,https://www.mouser.co.uk/ProductDetail/Molex/73100-0105?qs=K8BHR703ZXgAHDUsVPihfA%3D%3D,Molex,
"Q1, Q2",2,MMPQ3904,SOIC127P600X175-16N,,MMPQ3904,,smt,"ON Semi MMPQ3904 Quad NPN Transistor, 200 mA, 40 V, 16-Pin SOIC",,,,,,,,512-MMPQ3904,https://www.mouser.co.uk/ProductDetail/onsemi-Fairchild/MMPQ3904?qs=SSucg2PyLi5H3QPy2I7RHw%3D%3D,onsemi,1.75
"R1, R2, R3, R4, R5, R6, R7, R8",8,20k,R_Axial_DIN0207_L6.3mm_D2.5mm_P10.16mm_Horizontal,,,,tht,Resistor,,,,,,,,,,,
"U1, U2",2,ADA4898-1YRDZ,SOIC-8-1EP_3.9x4.9mm_P1.27mm_EP2.29x3mm,,,,smt,"High Voltage, Low Noise, Low Distortion, Unity-Gain Stable, High Speed Op Amp, SOIC-8",,,,,,,,,,,
